Drink,Add-In 1,Add-In 2,Add-In 3
White Trash,Peach,Coconut Cream,
Filthy Mo,Coconut Cream,Fresh Lime,
Ace in the Hole,Raspberry,Coconut Cream,
Killer Bee,Pineapple,Coconut Cream,
Crazy Ex,Cherry,Vanilla,Fresh Lime
Hillbilly,Raspberry,Vanilla Cream,
Double D,Coconut,Vanilla,
Dr Feel Good,Cheesecake,Cherry,
Scotch N' Soda,Vanilla,Fresh Lime,
Cray Cray,Salted Caramel,Toasted Marshmallow,
Pucker Up,Pomegranate,Grapefruit,Fresh Lime
Bombshell,Huckleberry,Vanilla,Cream
Beach Babe,Strawberry,Peach,Vanilla Cream
Manja,Mango Puree,Strawberry,
Blue Grizz,Blue Curacao,Peach,Coconut Cream
Cobbler,Blackberry,Peach,Vanilla
Sunrise,Strawberry,Guava,Coconut Cream
Ry-Guy,Peach,Pineapple,Coconut
My Boo,Tiger's Blood,Pina Colada,Cream
Savage,Raspberry,Cheesecake,Fresh Lime
Test Drink,Example1,Example2,
